{
  "rougeL_mean": 0.19910826081541622,
  "bleu_mean": 8.277695835026412
}